"prompt","description"
"Propose un prénom pour une personne habitant au Canada et donne une brève description pour le persona 1 :

Variables avec une moyenne significativement plus élevée que la moyenne de la population en général :
c(""dv_voteChoiceLPC"", ""ses_educUniv"", ""ses_regionOntario"")

Variables avec une moyenne significativement plus basse que la moyenne de la population en général :
c(""dv_voteChoiceBQ"", ""dv_voteChoiceCPC"", ""dv_voteChoiceNDP"", ""dv_voteChoiceOther"", ""ses_languageFrench"", ""ses_regionQuebec"", ""ses_regionWest"")

Ce cluster est composé de :
Hommes: 46.9%, Immigrants: 23.5%
Âge: 51.9 ans
Revenus:
  Revenu Bas: 12.3 %
  Revenu Mid: 72.8 %
  Revenu High: 14.8 %
Langues:
  En: 93.8%, Fr: 1.2%, Autres: 4.9%
EducBHS: 16%
EducPostHS: 23.5%
EducUniv: 60.5%
Ethnie (Blanc): 69.1%
Orientation (Hétéro): 79%
","Pour une personne habitant au Canada correspondant à ce persona, je propose le prénom ""Andrew"". Voici une brève description du persona :

**Andrew** est un homme de 52 ans vivant en Ontario, au Canada. Il est anglophone, avec une éducation universitaire, ce qui le place dans la catégorie des personnes ayant un niveau d'éducation plus élevé que la moyenne. Andrew est probablement engagé professionnellement dans un secteur qui valorise l'éducation postsecondaire, et il appartient à la classe de revenu moyen. Il montre une préférence marquée pour le Parti libéral du Canada (LPC) lorsqu'il vote, et il est peu susceptible de soutenir d'autres partis tels que le Bloc Québécois, le Parti conservateur, ou le Nouveau Parti démocratique.

Andrew n'est pas un immigrant, mais il partage son environnement social avec une minorité importante d'immigrants, ce qui pourrait influencer ses perspectives et ses interactions quotidiennes. En tant que Canadien anglophone vivant en Ontario, il n’a pas beaucoup d'interactions avec la culture francophone ou les régions à l'ouest du Canada.

Socialement, il est principalement entouré de personnes de son groupe ethnique, mais il est ouvert à la diversité culturelle, étant donné la composition démographique de sa région. Andrew est hétérosexuel et vit probablement dans une famille traditionnelle ou dans un couple, ce qui cadre avec la majorité des personnes de son orientation dans sa tranche d'âge et son environnement."
"Propose un prénom pour une personne habitant au Canada et donne une brève description pour le persona 10 :

Variables avec une moyenne significativement plus élevée que la moyenne de la population en général :
ses_regionAtlantic

Variables avec une moyenne significativement plus basse que la moyenne de la population en général :
c(""dv_voteChoiceBQ"", ""ses_educUniv"", ""ses_languageFrench"", ""ses_regionOntario"", ""ses_regionQuebec"", ""ses_regionWest"")

Ce cluster est composé de :
Hommes: 59.5%, Immigrants: 18.9%
Âge: 53 ans
Revenus:
  Revenu Bas: 13.5 %
  Revenu Mid: 81.1 %
  Revenu High: 5.4 %
Langues:
  En: 100%, Fr: 0%, Autres: 0%
EducBHS: 29.7%
EducPostHS: 40.5%
EducUniv: 29.7%
Ethnie (Blanc): 94.6%
Orientation (Hétéro): 78.4%
","Pour une personne vivant au Canada, et plus précisément dans la région atlantique, un prénom qui serait à la fois anglophone et courant pourrait être ""James"". Voici une brève description pour le persona 10 :

**Nom :** James

**Âge :** 53 ans

**Région :** Atlantique du Canada

**Profil démographique :**
- **Genre :** Homme
- **Immigrant :** Non (compte tenu du pourcentage faible d'immigrants dans ce cluster)
- **Langue :** Parle uniquement anglais
- **Éducation :** A terminé des études postsecondaires, mais pas nécessairement universitaires
- **Revenu :** Principalement moyen, avec peu de probabilité d'être dans la tranche de revenu élevé
- **Origine ethnique :** Majoritairement blanc
- **Orientation sexuelle :** Principalement hétérosexuel

**Caractéristiques supplémentaires :**
- James a grandi et vit toujours dans la région atlantique du Canada, ce qui influence ses habitudes et ses préférences culturelles.
- Il n'a pas tendance à soutenir le Bloc Québécois, ce qui est cohérent avec son profil de résidant anglophone hors du Québec.
- Bien qu'il ait poursuivi des études postsecondaires, il n'a pas nécessairement un diplôme universitaire, ce qui est typique de son groupe démographique.
- Sa vie est principalement basée autour de sa communauté locale, et il est fier de son héritage et de sa culture régionale.

James est typiquement engagé dans sa communauté, apprécie les traditions locales, et est généralement satisfait de son mode de vie dans la région atlantique du Canada."
"Propose un prénom pour une personne habitant au Canada et donne une brève description pour le persona 11 :

Variables avec une moyenne significativement plus élevée que la moyenne de la population en général :
c(""dv_voteChoiceLPC"", ""ses_regionWest"")

Variables avec une moyenne significativement plus basse que la moyenne de la population en général :
c(""dv_voteChoiceBQ"", ""dv_voteChoiceCPC"", ""dv_voteChoiceNDP"", ""dv_voteChoiceOther"", ""ses_languageFrench"", ""ses_regionOntario"", ""ses_regionQuebec"")

Ce cluster est composé de :
Hommes: 50%, Immigrants: 15.2%
Âge: 44.8 ans
Revenus:
  Revenu Bas: 10.6 %
  Revenu Mid: 80.3 %
  Revenu High: 9.1 %
Langues:
  En: 93.9%, Fr: 1.5%, Autres: 4.5%
EducBHS: 18.2%
EducPostHS: 31.8%
EducUniv: 50%
Ethnie (Blanc): 74.2%
Orientation (Hétéro): 92.4%
","Pour une personne habitant au Canada correspondant à ce profil, je propose le prénom ""Ethan"". Ce prénom est courant et populaire dans les régions anglophones du Canada, ce qui correspond bien au fait que 93.9% de ce groupe parle anglais.

**Description du persona 11 :**

Ethan est un homme de 44 ans qui vit dans l'Ouest du Canada. Il est anglophone et a une prédilection pour le Parti Libéral du Canada (LPC). Il a fait des études universitaires, ce qui est cohérent avec le fait que 50% des personnes de ce groupe ont un diplôme universitaire. Ethan est probablement d'origine ethnique blanche, comme 74.2% de son groupe, et il est hétérosexuel.

Ethan n'est pas immigrant, mais il est ouvert et tolérant, vivant dans une région avec une certaine diversité. Il a un revenu moyen, ce qui est représentatif de 80.3% de son groupe. Bien qu'il connaisse quelques mots de français, il n'est pas francophone, et il vit probablement loin des régions principalement francophones comme le Québec ou l'Ontario.

Professionnellement, Ethan pourrait travailler dans un secteur où son éducation universitaire est valorisée, et il pourrait être impliqué dans des activités communautaires locales, reflétant son soutien au Parti Libéral. En dehors du travail, il apprécie les activités en plein air, ce qui est typique de la culture de l'Ouest canadien."
"Propose un prénom pour une personne habitant au Canada et donne une brève description pour le persona 12 :

Variables avec une moyenne significativement plus élevée que la moyenne de la population en général :
c(""dv_solidity"", ""dv_turnout"", ""dv_voteChoiceCPC"", ""ses_regionWest"")

Variables avec une moyenne significativement plus basse que la moyenne de la population en général :
c(""dv_voteChoiceBQ"", ""dv_voteChoiceLPC"", ""dv_voteChoiceNDP"", ""dv_voteChoiceOther"", ""ses_incomeLow"", ""ses_languageFrench"", ""ses_regionOntario"", ""ses_regionQuebec"")

Ce cluster est composé de :
Hommes: 64.1%, Immigrants: 16.5%
Âge: 45.4 ans
Revenus:
  Revenu Bas: 6.8 %
  Revenu Mid: 78.6 %
  Revenu High: 14.6 %
Langues:
  En: 97.1%, Fr: 0%, Autres: 2.9%
EducBHS: 25.2%
EducPostHS: 35%
EducUniv: 39.8%
Ethnie (Blanc): 77.7%
Orientation (Hétéro): 94.2%
","Pour un prénom qui pourrait convenir à cette personne habitant au Canada, je propose ""Mark"". Ce prénom est courant dans les régions anglophones du Canada, notamment dans l'Ouest où cette personne semble être localisée.

Description du persona 12 :

Mark est un homme de 45 ans vivant dans l'Ouest du Canada. Il est anglophone, avec une maîtrise de l'anglais à 97,1 % et ne parle pas du tout français. Mark appartient à la classe moyenne, avec 78,6 % des personnes de ce groupe ayant des revenus moyens. Il détient un diplôme universitaire, ce qui est assez fréquent dans ce cluster, avec 39,8 % ayant un tel niveau d'éducation. 

Il a tendance à voter pour le Parti conservateur du Canada (CPC), ce qui correspond à sa localisation géographique et à ses valeurs politiques, avec une propension plus élevée que la moyenne à participer aux élections. Mark a peu d'affinité avec les autres partis comme le Bloc québécois, le Parti libéral, ou le Nouveau Parti démocratique, et il est peu probable qu'il vote pour d'autres partis minoritaires. 

Mark est probablement d'origine ethnique blanche, avec une probabilité de 77,7 %, et il est hétérosexuel à 94,2 %. Bien qu'il soit un homme en majorité dans ce groupe, environ 16,5 % des personnes partageant ce profil sont des immigrants. Cela signifie que Mark est probablement né au Canada, mais il pourrait avoir des origines étrangères."
"Propose un prénom pour une personne habitant au Canada et donne une brève description pour le persona 2 :

Variables avec une moyenne significativement plus élevée que la moyenne de la population en général :
dv_voteChoiceGPC

Variables avec une moyenne significativement plus basse que la moyenne de la population en général :
c(""dv_solidity"", ""dv_voteChoiceBQ"", ""dv_voteChoiceCPC"", ""dv_voteChoiceLPC"", ""dv_voteChoiceNDP"", ""dv_voteChoiceOther"")

Ce cluster est composé de :
Hommes: 54.1%, Immigrants: 27%
Âge: 41.1 ans
Revenus:
  Revenu Bas: 21.6 %
  Revenu Mid: 70.3 %
  Revenu High: 8.1 %
Langues:
  En: 73%, Fr: 18.9%, Autres: 8.1%
EducBHS: 27%
EducPostHS: 18.9%
EducUniv: 54.1%
Ethnie (Blanc): 83.8%
Orientation (Hétéro): 73%
","Pour une personne habitant au Canada, un prénom qui pourrait convenir est ""Alexandre"", un prénom qui est à la fois classique et courant parmi les francophones et anglophones au Canada.

### Persona 2 : Alexandre

**Description :**

Alexandre est un homme de 41 ans qui réside au Canada. Il représente un profil typique de la classe moyenne-canadienne, avec un revenu moyen. Bien qu'il soit majoritairement anglophone (73 %), il parle aussi un peu de français (18.9 %) et est ouvert aux autres cultures et langues (8.1 %).

### Profil démographique :

- **Genre :** Homme
- **Âge :** 41 ans
- **Statut d'immigration :** 27% de chances d'être un immigrant
- **Revenu :** Principalement de la classe moyenne (70.3 %), avec une minorité ayant un revenu élevé (8.1 %)
- **Langues :** Parle principalement anglais, mais a une connaissance du français et d'autres langues
- **Éducation :** Hautement éduqué, avec une majorité ayant un diplôme universitaire (54.1 %)
- **Ethnicité :** Principalement blanc (83.8 %)
- **Orientation sexuelle :** Majoritairement hétérosexuel (73 %)

### Préférences politiques :

- **Engagement politique :** Préférence marquée pour le Parti Vert du Canada
- **Faible affiliation ou soutien aux autres partis politiques traditionnels (Bloc Québécois, Parti conservateur du Canada, Parti libéral du Canada, Nouveau Parti démocratique, et autres petits partis)**
- **Moins concerné par la solidité de l'engagement politique traditionnel**

### Mode de vie et intérêts :

Alexandre est probablement préoccupé par l'environnement et les questions de durabilité, ce qui explique son soutien au Parti Vert. Il est ouvert aux idées nouvelles et aux innovations, et il préfère les politiques qui favorisent l'écologie et le progrès social. Son niveau d'éducation élevé suggère qu'il apprécie les discussions intellectuelles et est bien informé sur les affaires mondiales.

Il est possible qu'Alexandre soit impliqué dans des activités qui soutiennent la communauté et qu'il cherche à faire une différence positive dans le monde, reflétant ses valeurs personnelles."
"Propose un prénom pour une personne habitant au Canada et donne une brève description pour le persona 3 :

Variables avec une moyenne significativement plus élevée que la moyenne de la population en général :
c(""dv_solidity"", ""dv_turnout"", ""dv_voteChoiceCPC"", ""ses_educUniv"", ""ses_incomeHigh"", ""ses_regionOntario"")

Variables avec une moyenne significativement plus basse que la moyenne de la population en général :
c(""dv_voteChoiceBQ"", ""dv_voteChoiceLPC"", ""dv_voteChoiceNDP"", ""dv_voteChoiceOther"", ""ses_educBHS"", ""ses_languageFrench"", ""ses_regionQuebec"", ""ses_regionWest"")

Ce cluster est composé de :
Hommes: 51.2%, Immigrants: 24.4%
Âge: 46.8 ans
Revenus:
  Revenu Bas: 13 %
  Revenu Mid: 60.2 %
  Revenu High: 26.8 %
Langues:
  En: 87.8%, Fr: 1.6%, Autres: 10.6%
EducBHS: 11.4%
EducPostHS: 30.1%
EducUniv: 58.5%
Ethnie (Blanc): 72.4%
Orientation (Hétéro): 94.3%
","Pour une personne vivant au Canada correspondant à ce profil, le prénom ""Ryan"" pourrait être un bon choix. Ce prénom est couramment utilisé au Canada et est neutre en termes de connotations culturelles ou linguistiques. 

Voici une brève description pour le persona 3 :

Ryan a 46 ans et réside en Ontario, une province où il se sent bien ancré. Il est diplômé d'une université et occupe un emploi bien rémunéré, appartenant à la tranche de revenus élevés. Ryan a un intérêt prononcé pour la politique, et soutient fortement le Parti Conservateur du Canada (CPC), se distinguant par une participation active aux élections, ce qui témoigne de sa solidité et de son engagement civique. 

Bien qu'il soit majoritairement anglophone, Ryan est ouvert à d'autres cultures et langues, comme le montre le fait que 10.6% des personnes dans son environnement parlent d'autres langues. Ryan n'a pas de lien particulier avec le Québec ou les régions à l'ouest de l'Ontario, et il est peu probable qu'il vote pour des partis comme le Bloc Québécois, le Parti Libéral ou le NPD. 

Sur le plan socioculturel, Ryan s'identifie comme hétérosexuel et est d'origine ethnique majoritairement blanche. En tant qu'homme, il est représentatif de son groupe démographique, où les hommes sont légèrement majoritaires. Enfin, étant donné son niveau d'instruction et son milieu socio-économique, Ryan est bien informé sur des questions d'actualité et contribue activement à sa communauté."
"Propose un prénom pour une personne habitant au Canada et donne une brève description pour le persona 4 :

Variables avec une moyenne significativement plus élevée que la moyenne de la population en général :
c(""dv_turnout"", ""dv_voteChoiceNDP"", ""ses_regionOntario"", ""ses_regionWest"")

Variables avec une moyenne significativement plus basse que la moyenne de la population en général :
c(""dv_voteChoiceBQ"", ""dv_voteChoiceCPC"", ""dv_voteChoiceLPC"", ""dv_voteChoiceOther"", ""ses_age"", ""ses_languageFrench"", ""ses_regionQuebec"")

Ce cluster est composé de :
Hommes: 40.3%, Immigrants: 19.3%
Âge: 39 ans
Revenus:
  Revenu Bas: 15.1 %
  Revenu Mid: 67.2 %
  Revenu High: 17.6 %
Langues:
  En: 96.6%, Fr: 0.8%, Autres: 2.5%
EducBHS: 16.8%
EducPostHS: 31.9%
EducUniv: 51.3%
Ethnie (Blanc): 71.4%
Orientation (Hétéro): 70.6%
","Pour une personne vivant au Canada correspondant à ce profil, je propose le prénom ""Alex"". Ce prénom est neutre et courant au Canada, convenant à une personne anglophone et bien éduquée.

Voici une brève description pour le persona 4 :

**Nom : Alex Johnson**

**Âge :** 39 ans

**Lieu de résidence :** Ontario ou région de l'Ouest canadien

**Caractéristiques démographiques :**
- **Genre :** Peut être de n'importe quel genre, mais il y a une légère probabilité d'être un homme (40.3%).
- **Statut d'immigration :** 19.3% chance d'être un immigrant.
- **Revenu :** Principalement dans la tranche de revenus moyens, avec une certaine possibilité d'avoir un revenu élevé.
- **Langue :** Parle principalement l'anglais (96.6%), très peu de français.
- **Éducation :** Très éduqué, avec plus de la moitié ayant un diplôme universitaire.

**Caractéristiques politiques :**
- **Participation électorale :** Tendance à un taux de participation élevé aux élections.
- **Préférences politiques :** Forte tendance à voter pour le NPD, et une moindre probabilité de voter pour le Bloc Québécois, le Parti conservateur, le Parti libéral ou d'autres partis.

**Autres caractéristiques :**
- **Ethnicité :** Principalement blanc (71.4%).
- **Orientation sexuelle :** Hétérosexuel à 70.6%, mais il y a de la diversité dans l'orientation sexuelle.

Alex est probablement engagé politiquement, avec un intérêt particulier pour les politiques sociales et économiques progressistes, ce qui le pousse à soutenir le NPD. Il/elle vit soit en Ontario, soit dans l'une des provinces de l'Ouest, et apprécie les valeurs d'inclusion et de diversité. Alex est probablement impliqué dans sa communauté locale et valorise l'éducation et le développement personnel."
"Propose un prénom pour une personne habitant au Canada et donne une brève description pour le persona 5 :

Variables avec une moyenne significativement plus élevée que la moyenne de la population en général :
c(""dv_voteChoiceOther"", ""ses_educBHS"", ""ses_incomeLow"", ""ses_languageFrench"", ""ses_regionQuebec"")

Variables avec une moyenne significativement plus basse que la moyenne de la population en général :
c(""dv_solidity"", ""dv_turnout"", ""dv_voteChoiceBQ"", ""dv_voteChoiceCPC"", ""dv_voteChoiceLPC"", ""dv_voteChoiceNDP"", ""ses_educUniv"", ""ses_regionOntario"", ""ses_regionWest"")

Ce cluster est composé de :
Hommes: 39.3%, Immigrants: 12.4%
Âge: 51.7 ans
Revenus:
  Revenu Bas: 25.8 %
  Revenu Mid: 62.9 %
  Revenu High: 11.2 %
Langues:
  En: 9%, Fr: 91%, Autres: 0%
EducBHS: 36%
EducPostHS: 30.3%
EducUniv: 33.7%
Ethnie (Blanc): 96.6%
Orientation (Hétéro): 93.3%
","Pour une personne habitant au Canada, spécifiquement dans le contexte décrit, je propose le prénom ""Luc"". Ce prénom est populaire au Québec, où la majorité des personnes parlent français.

Voici une brève description du persona 5 :

**Luc** est un homme de 52 ans vivant au Québec. Il est francophone, comme 91% des personnes de son groupe démographique, et fait partie des 96.6% de personnes se déclarant de l'ethnie blanche. Il a complété ses études secondaires et peut-être une formation post-secondaire, mais pas forcément universitaire. Économiquement, il se situe majoritairement dans la classe moyenne, bien qu'un quart de son groupe soit à revenu bas. Luc a tendance à opter pour des choix électoraux moins conventionnels, ne votant pas pour les partis principaux comme le Bloc Québécois, le Parti conservateur, le Parti libéral ou le NPD. Il est également moins enclin à participer aux élections comparé à la population générale. Socialement, il s'identifie comme hétérosexuel et est peu susceptible d'être immigrant, avec seulement 12.4% de son groupe étant né hors du Canada."
"Propose un prénom pour une personne habitant au Canada et donne une brève description pour le persona 6 :

Variables avec une moyenne significativement plus élevée que la moyenne de la population en général :
c(""dv_turnout"", ""dv_voteChoiceCPC"", ""dv_voteChoiceLPC"", ""dv_voteChoiceNDP"", ""ses_languageFrench"", ""ses_regionQuebec"")

Variables avec une moyenne significativement plus basse que la moyenne de la population en général :
c(""dv_voteChoiceBQ"", ""dv_voteChoiceOther"", ""ses_age"", ""ses_immigrant"", ""ses_regionOntario"", ""ses_regionWest"")

Ce cluster est composé de :
Hommes: 66%, Immigrants: 10%
Âge: 40.8 ans
Revenus:
  Revenu Bas: 11 %
  Revenu Mid: 71 %
  Revenu High: 18 %
Langues:
  En: 6%, Fr: 92%, Autres: 2%
EducBHS: 21%
EducPostHS: 39%
EducUniv: 40%
Ethnie (Blanc): 84%
Orientation (Hétéro): 88%
","Pour une personne habitant au Canada et appartenant à ce groupe, un prénom approprié pourrait être ""Marc-André"". 

### Description du persona 6 : Marc-André

**Profil démographique :**
- **Sexe :** Homme
- **Âge :** Environ 41 ans
- **Origine :** Principalement non-immigrant (90% de la population n'est pas immigrante)
- **Région :** Réside probablement au Québec, avec une forte affinité pour la langue française (92% parlent français)
- **Ethnie :** Majoritairement blanc (84%)
- **Orientation sexuelle :** Principalement hétérosexuel (88%)

**Caractéristiques socio-économiques :**
- **Revenu :** Principalement de niveau moyen (71% dans la tranche de revenu moyen)
- **Éducation :** Bien éduqué, avec une majorité ayant un diplôme post-secondaire ou universitaire (79% combinés)

**Comportement électoral :**
- **Participation électorale élevée :** Marc-André est très susceptible de voter
- **Préférences partisanes :** Intérêt marqué pour les principaux partis fédéraux tels que le Parti conservateur (CPC), le Parti libéral (LPC), et le Nouveau Parti démocratique (NDP), mais a une affinité moindre pour le Bloc Québécois (BQ) ou d'autres partis
- **Région :** Moins de présence en Ontario ou dans l'Ouest canadien

Marc-André est un Québécois bien intégré, actif politiquement, et attaché à sa culture francophone. Ses choix électoraux sont diversifiés parmi les grands partis fédéraux, montrant une ouverture aux diverses idéologies politiques nationales tout en ayant un faible soutien pour le Bloc Québécois. Il vit confortablement avec un revenu moyen et bénéficie d'une bonne éducation, ce qui lui permet d'être informé et engagé dans les affaires politiques et sociales de son pays."
"Propose un prénom pour une personne habitant au Canada et donne une brève description pour le persona 7 :

Variables avec une moyenne significativement plus élevée que la moyenne de la population en général :
c(""dv_voteChoiceOther"", ""ses_educBHS"", ""ses_immigrant"", ""ses_regionWest"")

Variables avec une moyenne significativement plus basse que la moyenne de la population en général :
c(""dv_solidity"", ""dv_turnout"", ""dv_voteChoiceBQ"", ""dv_voteChoiceCPC"", ""dv_voteChoiceLPC"", ""dv_voteChoiceNDP"", ""ses_languageFrench"", ""ses_regionOntario"", ""ses_regionQuebec"")

Ce cluster est composé de :
Hommes: 45.5%, Immigrants: 31.2%
Âge: 45.7 ans
Revenus:
  Revenu Bas: 16.9 %
  Revenu Mid: 67.5 %
  Revenu High: 15.6 %
Langues:
  En: 90.9%, Fr: 0%, Autres: 9.1%
EducBHS: 31.2%
EducPostHS: 26%
EducUniv: 42.9%
Ethnie (Blanc): 67.5%
Orientation (Hétéro): 96.1%
","Pour créer un prénom qui pourrait convenir à une personne vivant au Canada et correspondant au profil décrit, nous allons choisir un nom qui reflète la diversité culturelle du pays et l'influence anglophone prédominante, étant donné que 90.9% du groupe parle anglais et qu'il y a une proportion significative d'immigrants.

Prénom proposé : Aiden

Description du persona 7 :

Aiden est un homme de 45 ans vivant dans l'ouest du Canada. Il est un immigrant qui s'est bien intégré dans sa communauté tout en conservant un lien avec ses racines culturelles. Aiden a un niveau d'éducation universitaire, ce qui est relativement élevé par rapport à la moyenne. Il est de langue maternelle anglaise et ne parle pas français, reflétant la nature anglophone de sa région. 

Aiden a tendance à ne pas participer de manière active au processus électoral, ayant un faible taux de participation aux élections et ne s'identifiant pas fortement avec les principaux partis politiques canadiens tels que le Parti conservateur, le Parti libéral, le Bloc québécois, ou le NPD. Il choisit plutôt d'autres options politiques lorsque cela est possible.

Résidant dans une région de l'ouest canadien, Aiden vit dans un milieu où il peut exprimer sa diversité culturelle et profiter de la richesse multiculturelle de sa communauté. Avec un revenu dans la tranche moyenne, il mène une vie confortable. Il valorise l'éducation et accorde une grande importance à la connaissance et à l'apprentissage tout au long de la vie."
"Propose un prénom pour une personne habitant au Canada et donne une brève description pour le persona 8 :

Variables avec une moyenne significativement plus élevée que la moyenne de la population en général :
c(""dv_solidity"", ""dv_turnout"", ""dv_voteChoiceBQ"", ""ses_age"", ""ses_languageFrench"", ""ses_regionQuebec"")

Variables avec une moyenne significativement plus basse que la moyenne de la population en général :
c(""dv_voteChoiceCPC"", ""dv_voteChoiceLPC"", ""dv_voteChoiceNDP"", ""dv_voteChoiceOther"", ""ses_immigrant"", ""ses_incomeHigh"", ""ses_regionOntario"", ""ses_regionWest"")

Ce cluster est composé de :
Hommes: 59.5%, Immigrants: 4.1%
Âge: 65.1 ans
Revenus:
  Revenu Bas: 12.4 %
  Revenu Mid: 81.8 %
  Revenu High: 5.8 %
Langues:
  En: 2.5%, Fr: 97.5%, Autres: 0%
EducBHS: 17.4%
EducPostHS: 40.5%
EducUniv: 42.1%
Ethnie (Blanc): 95.9%
Orientation (Hétéro): 91.7%
","Pour une personne habitant au Canada et correspondant au persona 8, je propose le prénom ""Luc"".

**Description du persona ""Luc"" :**

Luc est un homme de 65 ans vivant au Québec. Il parle principalement le français et est très attaché à sa culture québécoise. Étant donné ses préférences politiques, il est un fervent supporteur du Bloc Québécois, ce qui reflète son intérêt pour la solidarité provinciale et ses préoccupations pour les enjeux locaux du Québec.  

Luc n'est pas immigrant, ce qui correspond à la forte majorité de la population de son groupe. Il vit principalement de revenus moyens, et bien qu'il ait une éducation universitaire, il ne perçoit pas des revenus élevés. Sa formation universitaire lui a permis de mieux comprendre et s'engager dans les enjeux politiques de sa région.

Luc est très ancré dans sa communauté locale et s'intéresse activement aux affaires publiques, participant régulièrement aux élections avec un taux de participation élevé. Il est hétérosexuel et appartient majoritairement à l'ethnie blanche, ce qui représente bien le profil démographique de son groupe. Sa vie est principalement centrée autour de sa famille, de sa communauté et des questions politiques qui touchent le Québec."
"Propose un prénom pour une personne habitant au Canada et donne une brève description pour le persona 9 :

Variables avec une moyenne significativement plus élevée que la moyenne de la population en général :
c(""dv_voteChoiceOther"", ""ses_immigrant"", ""ses_regionOntario"")

Variables avec une moyenne significativement plus basse que la moyenne de la population en général :
c(""dv_solidity"", ""dv_turnout"", ""dv_voteChoiceBQ"", ""dv_voteChoiceCPC"", ""dv_voteChoiceLPC"", ""dv_voteChoiceNDP"", ""ses_age"", ""ses_languageFrench"", ""ses_regionQuebec"", ""ses_regionWest"")

Ce cluster est composé de :
Hommes: 57.4%, Immigrants: 32.4%
Âge: 35.9 ans
Revenus:
  Revenu Bas: 11.8 %
  Revenu Mid: 70.6 %
  Revenu High: 17.6 %
Langues:
  En: 86.8%, Fr: 4.4%, Autres: 8.8%
EducBHS: 16.2%
EducPostHS: 33.8%
EducUniv: 50%
Ethnie (Blanc): 67.6%
Orientation (Hétéro): 88.2%
","Pour une personne vivant au Canada et correspondant à ce persona, je proposerais le prénom ""Alexandre"". Voici une brève description de ce persona :

**Prénom : Alexandre**

**Description :**
Alexandre est un homme de 36 ans vivant en Ontario, Canada. Il est immigré, ce qui le rend sensible aux questions d'intégration et de diversité culturelle. Son parcours éducatif est impressionnant, avec 50% ayant atteint un niveau universitaire. Professionnellement, Alexandre pourrait être impliqué dans un secteur lié à ses études avancées, comme les technologies de l'information ou le consulting.

En termes de revenu, Alexandre appartient majoritairement à la classe moyenne, avec une partie de ses pairs gagnant des revenus élevés. Cela lui offre une certaine stabilité économique, bien que les préoccupations financières restent présentes.

Langue maternelle anglaise, il maîtrise également d'autres langues, ce qui lui permet de naviguer dans un environnement multiculturel comme celui de l'Ontario. Moins susceptible de voter pour les partis traditionnels canadiens comme le Bloc Québécois ou le Parti conservateur, il pourrait être attiré par des options politiques alternatives qui répondent à ses valeurs et à sa situation personnelle.

Alexandre est généralement jeune, dynamique, et bien intégré dans la société canadienne, tout en gardant un lien avec ses racines culturelles. Il est également très ouvert d'esprit et se montre toujours curieux d'apprendre et de découvrir de nouvelles idées."
